Index,Customer Id,First Name,Last Name,Company,City,Country,Phone 1,Phone 2,Email,Subscription Date,Website
1,dE014d010c7ab0c,Andrew,Goodman,Stewart-Flynn,Rowlandberg,Macao,846-790-4623x4715,(422)787-2331x71127,marieyates@gomez-spencer.info,7/26/2021,http://www.shea.biz/
2,2B54172c8b65eC3,Alvin,Lane,"Terry, Proctor and Lawrence",Bethside,Papua New Guinea,124-597-8652x05682,321.441.0588x6218,alexandra86@mccoy.com,6/24/2021,http://www.pena-cole.com/
3,d794Dd48988d2ac,Jenna,Harding,Bailey Group,Moniquemouth,China,(335)987-3085x3780,001-680-204-8312,justincurtis@pierce.org,4/5/2020,http://www.booth-reese.biz/
4,3b3Aa4aCc68f3Be,Fernando,Ford,Moss-Maxwell,Leeborough,Macao,(047)752-3122,048.779.5035x9122,adeleon@hubbard.org,11/29/2020,http://www.hebert.com/
5,D60df62ad2ae41E,Kara,Woods,Mccarthy-Kelley,Port Jacksonland,Nepal,+1-360-693-4419x19272,163-627-2565,jesus90@roberson.info,4/22/2022,http://merritt.com/
6,8aaa5d0CE9ee311,Marissa,Gamble,Cherry and Sons,Webertown,Sudan,001-645-334-5514x0786,(751)980-3163,katieallison@leonard.com,11/17/2021,http://www.kaufman.org/
7,73B22Ac8A43DD1A,Julie,Cooley,"Yu, Norman and Sharp",West Sandra,Japan,+1-675-243-7422x9177,(703)337-5903,priscilla88@stephens.info,3/26/2022,http://www.sexton-chang.com/
8,DC94CCd993D311b,Lauren,Villa,"French, Travis and Hensley",New Yolanda,Fiji,081.226.1797x647,186.540.9690x605,colehumphrey@austin-caldwell.com,8/14/2020,https://www.kerr.com/
9,9Ba746Cb790FED9,Emily,Bryant,"Moon, Strickland and Combs",East Normanchester,Seychelles,430-401-5228x35091,115-835-3840,buckyvonne@church-lutz.com,12/30/2020,http://grimes.com/
10,aAa1EDfaA70DA0c,Marie,Estrada,May Inc,Welchton,United Arab Emirates,001-648-790-9244,973-767-3611,christie44@mckenzie.biz,9/3/2020,https://www.salinas.net/
11,bf104C25d0BA4E1,Nichole,Cannon,Rios and Sons,West Devon,Burundi,647787401,139.476.1068,blandry@henson-harris.biz,4/26/2021,http://www.humphrey.org/
12,bf2fA37cbAd7dDc,Bernard,Ritter,Bradford and Sons,West Francisco,Palau,292.313.1902,(065)075-0554,tammiepope@arroyo-baldwin.com,1/19/2022,http://sellers.biz/
13,4fa8ffcdBbf53bB,Darryl,Archer,Kerr-Cherry,Holtfurt,Uganda,(389)437-1716,092.364.7349x593,woodalejandro@skinner-sloan.biz,4/18/2022,https://www.daniels.com/
14,aBd960429ecd363,Ryan,Li,"Hooper, Cross and Holt",Batesville,Liechtenstein,001-119-787-0125x4500,001-477-254-3645,lmassey@duke.com,3/6/2021,http://nunez.com/
15,2a0c691Ce19C6f3,Vicki,Nunez,"Leonard, Galvan and Blackburn",Barbaraborough,Haiti,(217)474-0312,(098)195-0840x79579,zgrant@sweeney.com,1/30/2022,https://reynolds.com/
16,B58fecf82f997Dd,Sean,Townsend,Preston-Sosa,Velasquezberg,Iran,001-534-283-5153,5786415664,lkline@maxwell.info,5/30/2020,http://www.vargas.biz/
17,41d0201DcF028b5,Sophia,Mathis,Richard-Velasquez,Toddhaven,Switzerland,001-858-762-7896x916,274-147-4185x15182,brockmason@faulkner-may.com,1/23/2020,http://www.vaughn.com/
18,B1A1b09CD5C3b6a,Helen,Potts,"Rangel, Livingston and Patel",Douglasland,Seychelles,(140)862-2659,-8339,carrollmia@donovan-keith.com,7/27/2021,http://www.kennedy-edwards.biz/
21,dEb9310eec04a8D,Cristina,Lam,Watts-Allison,West Jocelynfort,Korea,4292705811,(086)253-7505x70576,charlotte16@hood-zhang.org,1/4/2020,http://whitehead.net/
22,ed3894D6DE7F711,Vicki,Heath,"Cherry, Schultz and Ruiz",Port Cameronbury,Bangladesh,(889)311-5580x6390,(260)437-9972,alan46@benjamin.com,11/6/2020,https://www.bird.com/
23,EFeFaC727F12CDF,Glenn,Wang,Warner-Hodge,West Rachael,Gabon,834.104.6424x8311,001-741-628-9295,anna80@mata.com,1/1/2022,http://brooks-kerr.com/
24,c5CB6C5bFB91fdC,Darius,Benitez,Giles LLC,Mejiashire,Jersey,+1-797-864-3151x25142,139-216-5379x6030,garrettdurham@olsen.com,2/28/2022,https://washington.com/
25,C30B3E82E8D89cC,Xavier,Cruz,Wiley Ltd,Mindyborough,Latvia,019-418-8625x65148,343.078.5725x91296,andersongrant@pugh.com,2/7/2020,https://www.cohen.info/
26,3d7bE19696ea8Ff,Douglas,Galloway,Duffy Inc,Eileenbury,Mongolia,+1-205-528-2409x137,8018224814,caleb11@velazquez.com,10/24/2021,http://www.mcneil.net/
27,A093aA90fa014FE,Phyllis,Becker,Oneal and Sons,East Andre,Bouvet Island (Bouvetoya),-5794,(756)521-2942,darrylshort@bright-tucker.com,7/2/2020,https://www.farrell.com/
28,a470984c5dBfcC4,Ebony,Murphy,Barry-Martinez,Atkinsfurt,Vanuatu,772-492-3142,(877)635-9717,vpowers@moyer.com,2/17/2020,http://www.dorsey.com/
29,b1d4abfbCb67feE,Tyler,Stevenson,Burns and Sons,North Joannashire,Sri Lanka,001-239-175-8518x52340,596.077.7972x616,mmayo@gilbert.com,3/2/2022,http://www.fry.org/
30,d667bCC84Ff45Bb,Cesar,Bernard,Potter-Ho,Mccormickville,Iraq,165-366-3660x432,+1-579-640-2940x529,damon31@grant-morrison.com,9/4/2021,https://bryan-walters.com/
31,Ccb07E00AFf32bA,Darrell,Santos,Boone-Dawson,Lake Dwayne,Liechtenstein,001-604-858-6371,+1-961-236-3156x46913,hdaniels@mason.com,11/4/2021,http://hammond.com/
167,Fc8bdf1329ce090,Calvin,Roach,"Wilkins, Goodman and Cummings",North Melvin,Wallis and Futuna,(705)989-7127x1441,+1-065-887-8300x640,kathleenbrewer@sweeney.com,1/4/2022,https://www.ward.com/
168,3a7836DbB6347AC,Angel,Park,"Barry, Thomas and Oconnor",South Marciafurt,Morocco,001-879-705-2671x02795,036.127.3806x095,masonadriana@price.com,3/29/2020,https://yang-roach.com/
169,7F2ceBFc5eBE80A,Bradley,Delacruz,Mathis-Rocha,Ortegaland,Cote d'Ivoire,+1-254-995-3856x158,958-275-5610x2731,khendrix@powers-levine.biz,5/26/2020,https://whitaker.com/
170,06328dB77db6D9D,Donald,Cross,"Donovan, Key and Leblanc",Bruceville,Saint Helena,(211)448-9417x2645,(291)164-3457,srodriguez@hester.info,1/25/2020,http://www.grant-campos.net/
171,337649Ab3CaDFb7,Jeremiah,Guerrero,"Cole, Franco and Alvarez",New Erikville,French Polynesia,(358)794-8196,+1-831-346-8745x5416,mosskevin@perkins.com,5/11/2022,http://montes.com/
172,cfC4Cf6Febff0dB,Perry,Trujillo,"Yoder, Watkins and Singh",Lake Joyton,Panama,(679)276-1120x3465,(664)428-0701x86584,geoffrey16@gentry.com,11/13/2021,https://www.webster.com/
173,F7d3Ce1c250cbCf,Brent,Beasley,Mendoza Group,South Kimberly,Antigua and Barbuda,(417)163-0671,636-571-7207x09917,bettymckinney@houston.com,4/14/2022,http://edwards-nguyen.net/
174,9D65c9EaF3d120E,Ariana,Velasquez,Stokes-Haney,South Codyfurt,Ireland,141.688.4785x1394,-3837,makayla22@carey-james.com,8/2/2020,https://www.orozco-santiago.com/
175,E63e09cbA7618Ad,Don,Vincent,Norton-Watkins,Sanfordmouth,Luxembourg,7475416093,(583)251-6028x7609,jarvislarry@lang.info,3/22/2020,https://www.mahoney.org/
